                  epoch,         train/box_loss,         train/cls_loss,         train/dfl_loss,   metrics/precision(B),      metrics/recall(B),       metrics/mAP50(B),    metrics/mAP50-95(B),           val/box_loss,           val/cls_loss,           val/dfl_loss,                 lr/pg0,                 lr/pg1,                 lr/pg2
                      1,                 1.3485,                 1.3112,                 1.2592,                0.95046,                0.51467,                0.58978,                0.36607,                 1.3565,                0.96406,                 1.2541,             0.00047356,             0.00047356,             0.00047356
                      2,                 1.2811,                0.82246,                 1.2084,                0.94169,                0.59527,                0.63511,                0.41262,                 1.2447,                 0.7011,                 1.2285,             0.00094049,             0.00094049,             0.00094049
